{"screenSelect":0,"screenResolution":0,"FPSSelect":true,"FPSValue":60,"Brightness":50,"_Mastervolume":-22.27341079711914,"_BGMvolume":-27.08966827392578,"_SEvolume":-26.315082550048829}
