{"screenSelect":0,"screenResolution":0,"FPSSelect":true,"FPSValue":60,"Brightness":50,"_Mastervolume":-3.6498069763183595,"_BGMvolume":-3.885784149169922,"_SEvolume":-39.439186096191409}
