{"screenSelect":0,"screenResolution":0,"FPSSelect":true,"FPSValue":60,"Brightness":50,"_Mastervolume":-13.139309883117676,"_BGMvolume":-8.48884105682373,"_SEvolume":-39.439186096191409}
